backup/main-before-all-branches-34080579194-6c9dd12a8593	6c9dd12a8593ff1cb5be9d2c83d9af35d3a048c9	archive/branch-tip/20260908/backup/main-before-all-branches-34080579194-6c9dd12a8593
backup/main-before-all-branches-34080942614-6c9dd12a8593	6c9dd12a8593ff1cb5be9d2c83d9af35d3a048c9	archive/branch-tip/20260908/backup/main-before-all-branches-34080942614-6c9dd12a8593
backup/main-before-all-branches-34081015792-6c9dd12a8593	6c9dd12a8593ff1cb5be9d2c83d9af35d3a048c9	archive/branch-tip/20260908/backup/main-before-all-branches-34081015792-6c9dd12a8593
backup/main-before-all-branches-34098423957-e31df34dd30d	e31df34dd30d046c78057eaa7af775b3210aa9b1	archive/branch-tip/20260908/backup/main-before-all-branches-34098423957-e31df34dd30d
backup/main-before-all-branches-34107591795-e31df34dd30d	e31df34dd30d046c78057eaa7af775b3210aa9b1	archive/branch-tip/20260908/backup/main-before-all-branches-34107591795-e31df34dd30d
backup/main-before-all-branches-6c9dd12a-20260907	6c9dd12a8593ff1cb5be9d2c83d9af35d3a048c9	archive/branch-tip/20260908/backup/main-before-all-branches-6c9dd12a-20260907
backup/pr451-before-squash-065958b2-20260907	065958b2cc5f0021fdd3125e6d28351c99595101	archive/branch-tip/20260908/backup/pr451-before-squash-065958b2-20260907
backup/pr451-push-before-11cb0363-20260907	11cb0363663d105b41403418d2970a1c26eeda24	archive/branch-tip/20260908/backup/pr451-push-before-11cb0363-20260907
codex/final-gap-closure-20260907	80b8a69830674ff4e861d2d060c28a011631b962	archive/branch-tip/20260908/codex/final-gap-closure-20260907
codex/hepta-bao-connect-20260908	55e09d9dde1654b390bc46f44628bf1ea1fe2c6d	archive/branch-tip/20260908/codex/hepta-bao-connect-20260908
codex/hepta-blocker-autofix-20260907	91ccd49040bc3b6f1fa05d1ac33322c768f44972	archive/branch-tip/20260908/codex/hepta-blocker-autofix-20260907
codex/hepta-blocker-round2-20260907	6b9682ebc9a412806008f50fa50d56981b282d2f	archive/branch-tip/20260908/codex/hepta-blocker-round2-20260907
codex/hepta-final-gap-closure-r2-20260908	9e4089ca0b045c8e37091567f357b866f3eac510	archive/branch-tip/20260908/codex/hepta-final-gap-closure-r2-20260908
codex/hepta-final-gap-closure-r3-20260908	5b3ddb70e9f69efb1bdff9a9e7b0e7f16e07c470	archive/branch-tip/20260908/codex/hepta-final-gap-closure-r3-20260908
codex/hepta-final-materializer-v2-20260907	b1561f8a1ead9d157a9c08ca8e8c753c8b97a89b	archive/branch-tip/20260908/codex/hepta-final-materializer-v2-20260907
codex/hepta-gap-closure-full-ci-20260907	70120cea44f8b6debfd6ba60d72b21d2583dedc8	archive/branch-tip/20260908/codex/hepta-gap-closure-full-ci-20260907
codex/hepta-gap-closure-materialized-r3-20260907	55b636360873fde09020303e80f460bde22c0e98	archive/branch-tip/20260908/codex/hepta-gap-closure-materialized-r3-20260907
codex/hepta-live-organ-composition-20260907	143e5aefe203e54f0be5b474f4022c43dd9afb57	archive/branch-tip/20260908/codex/hepta-live-organ-composition-20260907
codex/hepta-main-tree-final-20260908	a327d024e8f41f298d837d5004920040d530c85f	archive/branch-tip/20260908/codex/hepta-main-tree-final-20260908
codex/hepta-organ-host-20260907	2b0bee6321642947ecf8d62f81f062765402d712	archive/branch-tip/20260908/codex/hepta-organ-host-20260907
codex/hepta-pinned-candidate-read-20260907	f961b0386123de085ddc9541de64f28c78ad2a1b	archive/branch-tip/20260908/codex/hepta-pinned-candidate-read-20260907
codex/hepta-private-ci-format-baseline-20260907	5a0fe3ad3ef69748356c004a62a90e3e84f7a87c	archive/branch-tip/20260908/codex/hepta-private-ci-format-baseline-20260907
codex/hepta-scoped-discovery-cli-20260907	ac809ed5a1c8d55365da55609d7c44eb99e12c84	archive/branch-tip/20260908/codex/hepta-scoped-discovery-cli-20260907
codex/hepta-v8-acl-denial-fixture-preconditions-20260906	91a1de3102cc80412e641e3a494e571687104f1b	archive/branch-tip/20260908/codex/hepta-v8-acl-denial-fixture-preconditions-20260906
codex/hepta-v8-agentd-process-bazel-qualification-20260906	9007fcb13d5705f668269aa79e0437a71ce405b2	archive/branch-tip/20260908/codex/hepta-v8-agentd-process-bazel-qualification-20260906
codex/hepta-v8-agentd-startup-diagnostics-20260906	3485ece28f67ec9379f0100de4c3b6f2f58ff102	archive/branch-tip/20260908/codex/hepta-v8-agentd-startup-diagnostics-20260906
codex/hepta-v8-algorithm-authority-regression-20260906	e0af57efa1c7bd70d2504ba0639e349a5045a3b9	archive/branch-tip/20260908/codex/hepta-v8-algorithm-authority-regression-20260906
codex/hepta-v8-argument-comment-closure-20260907	656bf770b03c50134f6a87ce52b7b846c855984d	archive/branch-tip/20260908/codex/hepta-v8-argument-comment-closure-20260907
codex/hepta-v8-argument-comment-closure-r2-20260907	07ead9f7c3b3f1fc7682355dfd315def810df44b	archive/branch-tip/20260908/codex/hepta-v8-argument-comment-closure-r2-20260907
codex/hepta-v8-browser-canonical-shadow-20260906	eae40e09007a0463bc30b9a11205ca00a42387e8	archive/branch-tip/20260908/codex/hepta-v8-browser-canonical-shadow-20260906
codex/hepta-v8-cart-failure-atomicity-20260906	a3ae9cc600fc682acca8027eabd703d76f598558	archive/branch-tip/20260908/codex/hepta-v8-cart-failure-atomicity-20260906
codex/hepta-v8-cognitive-read-integrity-20260906	d0eb48d77192f76eab2b13e7c6ff583c9f43621d	archive/branch-tip/20260908/codex/hepta-v8-cognitive-read-integrity-20260906
codex/hepta-v8-cognitive-read-owner-projection-20260906	c9e22f206dee519a20e4aac0a09a70677dcddbfe	archive/branch-tip/20260908/codex/hepta-v8-cognitive-read-owner-projection-20260906
codex/hepta-v8-cognitive-read-owner-projection-tests-20260906	30dffc7f593e80d76c100299cf9836150b1ade18	archive/branch-tip/20260908/codex/hepta-v8-cognitive-read-owner-projection-tests-20260906
codex/hepta-v8-cognitive-store-atomicity-20260906	6a29700fce610000fc357baa831c5ca9ad87b4e7	archive/branch-tip/20260908/codex/hepta-v8-cognitive-store-atomicity-20260906
codex/hepta-v8-cognitive-types-citation-binding-20260906	2367e68f934ad54be130cf8009d682ef75d430a7	archive/branch-tip/20260908/codex/hepta-v8-cognitive-types-citation-binding-20260906
codex/hepta-v8-context-candidate-binding-20260906	215a12e1d74f891bee3ee91fe2c2b2cbbedbac82	archive/branch-tip/20260908/codex/hepta-v8-context-candidate-binding-20260906
codex/hepta-v8-context-mandatory-groups-20260906	c3afe90656f242cd18cd617219afd61f4d9e1ef6	archive/branch-tip/20260908/codex/hepta-v8-context-mandatory-groups-20260906
codex/hepta-v8-contracts-bazel-qualification-20260906	e16208a8d490e72006f60eb002a220eb5cb174dc	archive/branch-tip/20260908/codex/hepta-v8-contracts-bazel-qualification-20260906
codex/hepta-v8-control-cart-analysis-20260906	8cceddfbd736cacf74ed45eee698391fec703abd	archive/branch-tip/20260908/codex/hepta-v8-control-cart-analysis-20260906
codex/hepta-v8-control-graph-validation-20260906	69199e579f811caaf99728a74855f1a36aaf09de	archive/branch-tip/20260908/codex/hepta-v8-control-graph-validation-20260906
codex/hepta-v8-core-argument-comments-20260906	f733b1b8965c5d1d77082fc99b9d7680b64e87ff	archive/branch-tip/20260908/codex/hepta-v8-core-argument-comments-20260906
codex/hepta-v8-cross-platform-lint-repair-20260906	6fefc660c876be7724d073809a958baa59c0f546	archive/branch-tip/20260908/codex/hepta-v8-cross-platform-lint-repair-20260906
codex/hepta-v8-diagnostic-assertions-20260906	6ebb59e715cb1367a29c80edd5cf6b36d9e006d2	archive/branch-tip/20260908/codex/hepta-v8-diagnostic-assertions-20260906
codex/hepta-v8-eval-exact-ess-admission-20260906	2b0994d33deebaab7539a5f38d657d44d87833f2	archive/branch-tip/20260908/codex/hepta-v8-eval-exact-ess-admission-20260906
codex/hepta-v8-eval-threshold-regression-20260906	fb2e7d5544b0eebd6590ecb23c295f93e98dd190	archive/branch-tip/20260908/codex/hepta-v8-eval-threshold-regression-20260906
codex/hepta-v8-fleet-allocation-calculator-20260906	5c90ca869f1fd820ed9a5ee497b5a8a71aceb10f	archive/branch-tip/20260908/codex/hepta-v8-fleet-allocation-calculator-20260906
codex/hepta-v8-fleet-allocation-model-20260906	ba7dc486f9845971f1fd33df8ae93a199096da2a	archive/branch-tip/20260908/codex/hepta-v8-fleet-allocation-model-20260906
codex/hepta-v8-fleet-allocation-tests-20260906	4f36253dcecb9b0186ba33893c59128a92be6fa7	archive/branch-tip/20260908/codex/hepta-v8-fleet-allocation-tests-20260906
codex/hepta-v8-format-prerequisite-20260906	53be72f490554abb2b35af2abc5e0aa2c8c90e00	archive/branch-tip/20260908/codex/hepta-v8-format-prerequisite-20260906
codex/hepta-v8-format-probe-20260906	8941bb37a5d3658e48d3fc62424c36dd422b1504	archive/branch-tip/20260908/codex/hepta-v8-format-probe-20260906
codex/hepta-v8-gap-implementation-20260906	9cde2b6052467315f6298c2e70ddd8792c52a618	archive/branch-tip/20260908/codex/hepta-v8-gap-implementation-20260906
codex/hepta-v8-hepta-argument-comments-20260906	ff16b12df123782864306ca9765904088712e582	archive/branch-tip/20260908/codex/hepta-v8-hepta-argument-comments-20260906
codex/hepta-v8-heptabao-ci-doc-precision-20260906	237f77751f9822056f07b631b4f7f5d6f524b140	archive/branch-tip/20260908/codex/hepta-v8-heptabao-ci-doc-precision-20260906
codex/hepta-v8-heptabao-secret-boundary-20260906	9aa00b50dfeb314bcb81fd7b538ac27afa741532	archive/branch-tip/20260908/codex/hepta-v8-heptabao-secret-boundary-20260906
codex/hepta-v8-implementation-contracts-20260906	b164b800ac313cb341da7b4ab0ee86b69ebb1fdb	archive/branch-tip/20260908/codex/hepta-v8-implementation-contracts-20260906
codex/hepta-v8-intelligence-candidate-bound-20260906	0075ebf496e1d065d64cd50d296957fdb35b3118	archive/branch-tip/20260908/codex/hepta-v8-intelligence-candidate-bound-20260906
codex/hepta-v8-intuition-candidate-bound-20260906	25992f8e9ab516dfbe10518ba5a2e2f85e88b4d6	archive/branch-tip/20260908/codex/hepta-v8-intuition-candidate-bound-20260906
codex/hepta-v8-learning-create-only-20260906	469d975f2b27aa999edfb42b1766d0ae8e23668f	archive/branch-tip/20260908/codex/hepta-v8-learning-create-only-20260906
codex/hepta-v8-learning-create-only-docs-20260906	761dec10f1907d9fba85119d68e04603e3671f49	archive/branch-tip/20260908/codex/hepta-v8-learning-create-only-docs-20260906
codex/hepta-v8-llvm-msvc-header-parser-20260906	aa4013f2ff7bdcc3ca6f10b198460c4c460c0466	archive/branch-tip/20260908/codex/hepta-v8-llvm-msvc-header-parser-20260906
codex/hepta-v8-llvm-source-anchored-patch-20260906	c9df068321d698e61fd026b263542329aa0eb122	archive/branch-tip/20260908/codex/hepta-v8-llvm-source-anchored-patch-20260906
codex/hepta-v8-matrix-atomic-decisions-20260906	18a2af98ba11ad88d6c06287d2361cc17a674782	archive/branch-tip/20260908/codex/hepta-v8-matrix-atomic-decisions-20260906
codex/hepta-v8-matrix-deletion-capacity-tests-20260906	307154cab84f185b2e4544285d526d491bd21306	archive/branch-tip/20260908/codex/hepta-v8-matrix-deletion-capacity-tests-20260906
codex/hepta-v8-matrix-durable-queue-fences-20260906	201ec1200797f8455fd0e0d38262c83028fcc93c	archive/branch-tip/20260908/codex/hepta-v8-matrix-durable-queue-fences-20260906
codex/hepta-v8-matrix-gap-adversarial-tests-20260906	a14828196888e845bf01c7d0b2d3b34442bc0d59	archive/branch-tip/20260908/codex/hepta-v8-matrix-gap-adversarial-tests-20260906
codex/hepta-v8-matrix-gap-page-qualification-20260906	ef723ae657196d60bb33246f65ac03c52e30903d	archive/branch-tip/20260908/codex/hepta-v8-matrix-gap-page-qualification-20260906
codex/hepta-v8-matrix-hostile-fixtures-20260906	e0667143b9132d9fd81e18bb7a876b47ae8e6282	archive/branch-tip/20260908/codex/hepta-v8-matrix-hostile-fixtures-20260906
codex/hepta-v8-matrix-idle-journal-binding-20260906	10b836a4962ab84d37f979347606710b56acc9ed	archive/branch-tip/20260908/codex/hepta-v8-matrix-idle-journal-binding-20260906
codex/hepta-v8-matrix-mention-admission-20260906	414836bd7dd5dd65ad6c776820fd7a4d65b09421	archive/branch-tip/20260908/codex/hepta-v8-matrix-mention-admission-20260906
codex/hepta-v8-matrix-recovery-scrub-20260906	96a16b839556e1a70e4ad241f396fa52e6bfed0b	archive/branch-tip/20260908/codex/hepta-v8-matrix-recovery-scrub-20260906
codex/hepta-v8-matrix-restart-collision-tests-20260906	2d1ea3d445a49a732bd3eb3cb0ff47bd245cf9fb	archive/branch-tip/20260908/codex/hepta-v8-matrix-restart-collision-tests-20260906
codex/hepta-v8-matrix-sync-decision-tests-20260906	6f1388b03f2be93ed20f91f3697f44914e3561bf	archive/branch-tip/20260908/codex/hepta-v8-matrix-sync-decision-tests-20260906
codex/hepta-v8-matrix-sync-identity-20260906	e34e6a4e768bb996a11b28e92c6b176078aa1dfc	archive/branch-tip/20260908/codex/hepta-v8-matrix-sync-identity-20260906
codex/hepta-v8-matrix-sync-types-20260906	f1cd0808d5ef6e74e428e8b28faf51c46f8f3098	archive/branch-tip/20260908/codex/hepta-v8-matrix-sync-types-20260906
codex/hepta-v8-matrix-tombstone-fences-20260906	af440d670da7e73b150a7ffabb97b7fba8b42a1e	archive/branch-tip/20260908/codex/hepta-v8-matrix-tombstone-fences-20260906
codex/hepta-v8-matrix-tombstone-schema-20260906	f7e736ce8dd42fff4da794b859329e8969ba5eb3	archive/branch-tip/20260908/codex/hepta-v8-matrix-tombstone-schema-20260906
codex/hepta-v8-matrix-unchanged-owner-observation-20260906	eaf37c9b98bd768d628afabe0604888695ee19c5	archive/branch-tip/20260908/codex/hepta-v8-matrix-unchanged-owner-observation-20260906
codex/hepta-v8-matrix-v2-adversarial-tests-20260906	e00417f6aa822d24a61b8fa2831abc790d660b67	archive/branch-tip/20260908/codex/hepta-v8-matrix-v2-adversarial-tests-20260906
codex/hepta-v8-matrix-v2-composer-20260906	93a7686650cbdb4118e5c7e3e531706c97c88d09	archive/branch-tip/20260908/codex/hepta-v8-matrix-v2-composer-20260906
codex/hepta-v8-matrix-v2-startup-binding-20260906	5bea8137d4262e87ca812837db3e6cf23cb473c3	archive/branch-tip/20260908/codex/hepta-v8-matrix-v2-startup-binding-20260906
codex/hepta-v8-memory-argument-comments-20260906	60fa5accbc41cc2abf92db9577c2dc11e7645943	archive/branch-tip/20260908/codex/hepta-v8-memory-argument-comments-20260906
codex/hepta-v8-memory-lint-prerequisite-20260906	4aff23db6cbd107657720ec6acff43c76960d44c	archive/branch-tip/20260908/codex/hepta-v8-memory-lint-prerequisite-20260906
codex/hepta-v8-memory-recovery-fail-closed-20260906	d2958af0288f34c6a632499b11c46af89fd31da7	archive/branch-tip/20260908/codex/hepta-v8-memory-recovery-fail-closed-20260906
codex/hepta-v8-mock-capture-error-observation-20260906	df6038d566f03004112b154da3f3065a41b0e8c9	archive/branch-tip/20260908/codex/hepta-v8-mock-capture-error-observation-20260906
codex/hepta-v8-native-binding-lint-review-20260906	ebafdd0a2e6de455b26af86154a6e615c31970e8	archive/branch-tip/20260908/codex/hepta-v8-native-binding-lint-review-20260906
codex/hepta-v8-native-fixture-portability-20260906	28408ef18ad54798d7b3a275afb897ae7bb89775	archive/branch-tip/20260908/codex/hepta-v8-native-fixture-portability-20260906
codex/hepta-v8-native-followup-readiness-20260906	8a048280e9ba20d77a549e92ebcaf6e82924cb89	archive/branch-tip/20260908/codex/hepta-v8-native-followup-readiness-20260906
codex/hepta-v8-native-observation-review-20260906	a23197809251a7c0084ffe2a8936d412d783bbb9	archive/branch-tip/20260908/codex/hepta-v8-native-observation-review-20260906
codex/hepta-v8-native-source-bindings-20260906	e221b0b4c51efa3727eb658f22bae494f55751ad	archive/branch-tip/20260908/codex/hepta-v8-native-source-bindings-20260906
codex/hepta-v8-native-terminal-failclosed-20260906	ca5259f8fa3c0fc91a44861dbdf4f5aff2068a83	archive/branch-tip/20260908/codex/hepta-v8-native-terminal-failclosed-20260906
codex/hepta-v8-native-test-prerequisites-20260906	7a39bc3dc48cf329d49297a1565e87be7d74637b	archive/branch-tip/20260908/codex/hepta-v8-native-test-prerequisites-20260906
codex/hepta-v8-native-watcher-peer-fixtures-20260906	e8d5e07d9ebd80d272f42489338b26663f48c37f	archive/branch-tip/20260908/codex/hepta-v8-native-watcher-peer-fixtures-20260906
codex/hepta-v8-ndu-covariance-20260906	22340b8c78e2b378a8a527a3e585c7ea6ce4b072	archive/branch-tip/20260908/codex/hepta-v8-ndu-covariance-20260906
codex/hepta-v8-ndu-covariance-tests-20260906	e3cd5ddfd7efb16b6aecfd975fe07440f157e623	archive/branch-tip/20260908/codex/hepta-v8-ndu-covariance-tests-20260906
codex/hepta-v8-ndu-protocol-path-20260906	94a193f9c250b71f3523c1c1cbd334b0a7a3b4de	archive/branch-tip/20260908/codex/hepta-v8-ndu-protocol-path-20260906
codex/hepta-v8-noncanonical-json-fixtures-20260906	b442251319392d66afeb489e9ef07c0ad4002c5b	archive/branch-tip/20260908/codex/hepta-v8-noncanonical-json-fixtures-20260906
codex/hepta-v8-objective-effective-forbidden-20260906	1a8e920e11fd1a05844ec8b0bd5e972a0268e11a	archive/branch-tip/20260908/codex/hepta-v8-objective-effective-forbidden-20260906
codex/hepta-v8-objective-feasibility-20260906	f9494d3ad0c7fdfbad63c7168eabce2812a6f3a4	archive/branch-tip/20260908/codex/hepta-v8-objective-feasibility-20260906
codex/hepta-v8-objective-feasibility-tests-20260906	a0289118a872aa3ef7ba95b3654f975f06d88c84	archive/branch-tip/20260908/codex/hepta-v8-objective-feasibility-tests-20260906
codex/hepta-v8-objective-json-shape-20260906	bc851d2778e3ac5a753b5dce88b16865a56a3dd5	archive/branch-tip/20260908/codex/hepta-v8-objective-json-shape-20260906
codex/hepta-v8-objective-source-structure-20260906	53921cb1543c6161fdf46caec0d77d51d7938688	archive/branch-tip/20260908/codex/hepta-v8-objective-source-structure-20260906
codex/hepta-v8-ope-exact-ceiling-20260906	28abd04a4a776c859ccc6f37cbd9d0febe821774	archive/branch-tip/20260908/codex/hepta-v8-ope-exact-ceiling-20260906
codex/hepta-v8-operations-revision-20260906	6da1d5bff0fe26a3d9a5acfab100768717781767	archive/branch-tip/20260908/codex/hepta-v8-operations-revision-20260906
codex/hepta-v8-operator-windows-file-identity-20260906	eab9cfb4b0fa911bf8e3eb16060f03588b873c23	archive/branch-tip/20260908/codex/hepta-v8-operator-windows-file-identity-20260906
codex/hepta-v8-owner-retrieval-observation-20260906	0ce84c370bd0751b0ad1af2b8f367df7e5783989	archive/branch-tip/20260908/codex/hepta-v8-owner-retrieval-observation-20260906
codex/hepta-v8-p0-path-ownership-20260906	018c678bf03ecefb5834ec371b76656b65bff106	archive/branch-tip/20260908/codex/hepta-v8-p0-path-ownership-20260906
codex/hepta-v8-path-lease-reconciliation-20260906	604ea819dcab5ae00a4fb1f7f8ae024f36009904	archive/branch-tip/20260908/codex/hepta-v8-path-lease-reconciliation-20260906
codex/hepta-v8-plasticity-v2-api-20260906	fa65343783250e88e2805d6b53bfaa22743e0710	archive/branch-tip/20260908/codex/hepta-v8-plasticity-v2-api-20260906
codex/hepta-v8-plasticity-v2-core-20260906	92465d63a9f2da1dfd8cbbd6defd41da295268d2	archive/branch-tip/20260908/codex/hepta-v8-plasticity-v2-core-20260906
codex/hepta-v8-plasticity-v2-docs-20260906	b8c3035f7be82641edaffa517ad7ef4597a1bc1c	archive/branch-tip/20260908/codex/hepta-v8-plasticity-v2-docs-20260906
codex/hepta-v8-plasticity-v2-hostile-tests-20260906	092eadac16ed223f5ec81a8cf0007c75ec7a7cf3	archive/branch-tip/20260908/codex/hepta-v8-plasticity-v2-hostile-tests-20260906
codex/hepta-v8-plasticity-v2-registry-20260906	9a2bd19d072b56cbc032f3d5fdcccc6ce34beae4	archive/branch-tip/20260908/codex/hepta-v8-plasticity-v2-registry-20260906
codex/hepta-v8-plasticity-v2-types-20260906	807b0952b334e073a4464456a42f1664fce0256f	archive/branch-tip/20260908/codex/hepta-v8-plasticity-v2-types-20260906
codex/hepta-v8-product-integration-progress-20260906	7e2f0e9798e40ea5277574fc56e4dedb9e03b5b3	archive/branch-tip/20260908/codex/hepta-v8-product-integration-progress-20260906
codex/hepta-v8-prompt-local-shadow-20260906	26d6852494d208f49c73b7d5dfd8be597f7bd7c9	archive/branch-tip/20260908/codex/hepta-v8-prompt-local-shadow-20260906
codex/hepta-v8-prompt-local-shadow-impl-20260906	a0dc06d3882687d95ae475988fb788d670c6ff3a	archive/branch-tip/20260908/codex/hepta-v8-prompt-local-shadow-impl-20260906
codex/hepta-v8-prompt-local-shadow-tests-20260906	72a11f195643a0b327e7eba3c6a1c38cd217b816	archive/branch-tip/20260908/codex/hepta-v8-prompt-local-shadow-tests-20260906
codex/hepta-v8-prompt-registry-preflight-20260906	b4593220628380310c7565e473b8772f70ef45fe	archive/branch-tip/20260908/codex/hepta-v8-prompt-registry-preflight-20260906
codex/hepta-v8-protocol-hardening-20260906	2aa1ff386bfb42351be3848566c4cc470da1537b	archive/branch-tip/20260908/codex/hepta-v8-protocol-hardening-20260906
codex/hepta-v8-protocol-recovery-bindings-20260906	816965d88673222e458176c4c4a0748ff7b974ee	archive/branch-tip/20260908/codex/hepta-v8-protocol-recovery-bindings-20260906
codex/hepta-v8-qualification-profiles-20260906	71f69c9701f1a0c6de96fc35def06f01e696409c	archive/branch-tip/20260908/codex/hepta-v8-qualification-profiles-20260906
codex/hepta-v8-readiness-depth-closure-20260905	da359e0015c9fa8d6baabc991a66f66a8d72915e	archive/branch-tip/20260908/codex/hepta-v8-readiness-depth-closure-20260905
codex/hepta-v8-recovery-fail-closed-20260906	624917747fb95f9f2945173768d7ede53cf5a6b9	archive/branch-tip/20260908/codex/hepta-v8-recovery-fail-closed-20260906
codex/hepta-v8-retrieval-input-binding-20260906	d36ebbc3fcab068271c11b1accf191f4d5516bf9	archive/branch-tip/20260908/codex/hepta-v8-retrieval-input-binding-20260906
codex/hepta-v8-scalar-compile-determinism-20260906	f0159baf9d46569e192d4602d1869ab378665c49	archive/branch-tip/20260908/codex/hepta-v8-scalar-compile-determinism-20260906
codex/hepta-v8-sequential-eval-20260906	f46ef44dbc37fe0d88d81cbc7f8119307984d4de	archive/branch-tip/20260908/codex/hepta-v8-sequential-eval-20260906
codex/hepta-v8-sequential-eval-tests-20260906	28826ca9a6701bafdf4a329e002bf4713fd1aaac	archive/branch-tip/20260908/codex/hepta-v8-sequential-eval-tests-20260906
codex/hepta-v8-shadow-exec-qualification-20260906	7064436edb1384035a66c4db3c34d188b46c90c3	archive/branch-tip/20260908/codex/hepta-v8-shadow-exec-qualification-20260906
codex/hepta-v8-source-canonical-format-20260906	fbcdeb4b5da7b3953a6bf81372ffd50538adde47	archive/branch-tip/20260908/codex/hepta-v8-source-canonical-format-20260906
codex/hepta-v8-source-closure-progress-20260906	509ed2f5841e60335fd125eed42880178cd673bb	archive/branch-tip/20260908/codex/hepta-v8-source-closure-progress-20260906
codex/hepta-v8-source-identity-20260906	1fca81fbbdb62657eeb611451b6d3820fa04d121	archive/branch-tip/20260908/codex/hepta-v8-source-identity-20260906
codex/hepta-v8-source-identity-workflow-20260906	a2c85afecf89a11a7838ef9d388b740b41650208	archive/branch-tip/20260908/codex/hepta-v8-source-identity-workflow-20260906
codex/hepta-v8-sqlite-race-tests-20260906	f66f589b83111ce1e8fabbef74b1255297cc1b0b	archive/branch-tip/20260908/codex/hepta-v8-sqlite-race-tests-20260906
codex/hepta-v8-state-recovery-helper-errors-20260906	3468c0b6a685cf2809b6d019391be76ead89aaef	archive/branch-tip/20260908/codex/hepta-v8-state-recovery-helper-errors-20260906
codex/hepta-v8-supervisor-native-boundaries-20260906	c21348b91ede4992cfd774d5f099e91733c59c13	archive/branch-tip/20260908/codex/hepta-v8-supervisor-native-boundaries-20260906
codex/hepta-v8-taskflow-bazel-qualification-20260906	5ec6d0db2ef24bf545a18eeba1814dfa6e449ff2	archive/branch-tip/20260908/codex/hepta-v8-taskflow-bazel-qualification-20260906
codex/hepta-v8-taskflow-boundary-api-20260906	6fd74aca5f7bfa4feb5441eb8136a1df279b4de7	archive/branch-tip/20260908/codex/hepta-v8-taskflow-boundary-api-20260906
codex/hepta-v8-taskflow-boundary-tests-20260906	78e10ba36eebead72b32d702643f5d6f64d1a44f	archive/branch-tip/20260908/codex/hepta-v8-taskflow-boundary-tests-20260906
codex/hepta-v8-taskflow-migration-fixture-20260906	522d5ea86f34f89df1483de0860dc81cd49fa045	archive/branch-tip/20260908/codex/hepta-v8-taskflow-migration-fixture-20260906
codex/hepta-v8-technical-closure-20260905	22f463f551ec79fab95954e5a34729ed58b4af39	archive/branch-tip/20260908/codex/hepta-v8-technical-closure-20260905
codex/hepta-v8-temporal-plan-digest-20260906	5bfa5f2b8fcbe1d51c975ac1d6dc9b720461877d	archive/branch-tip/20260908/codex/hepta-v8-temporal-plan-digest-20260906
codex/hepta-v8-temporal-plan-docs-20260906	76b10c555a10eee5ead6dbd96380cb00a8390a61	archive/branch-tip/20260908/codex/hepta-v8-temporal-plan-docs-20260906
codex/hepta-v8-terminal-followup-readiness-20260906	64d71e1ad85428a47f9a797aaac5e4f5a7ffa135	archive/branch-tip/20260908/codex/hepta-v8-terminal-followup-readiness-20260906
codex/hepta-v8-ui-canonical-shadow-20260906	fcd1084ddd5acd2ac453d1d525154d5c200b142a	archive/branch-tip/20260908/codex/hepta-v8-ui-canonical-shadow-20260906
codex/hepta-v8-unused-dependency-cleanup-20260906	9e339cebaf0be6ee99c880251e809b9524b7b9d2	archive/branch-tip/20260908/codex/hepta-v8-unused-dependency-cleanup-20260906
codex/hepta-v8-value-learning-bazel-deps-20260906	b3a4eebb8ee9cfc8019fe34bfd85296762f82f03	archive/branch-tip/20260908/codex/hepta-v8-value-learning-bazel-deps-20260906
codex/hepta-v8-verified-gap-progress-20260906	a663afbaa087bbbd4b837882a87f40ec6341cbe3	archive/branch-tip/20260908/codex/hepta-v8-verified-gap-progress-20260906
codex/hepta-v8-windows-bazel-diagnostics-r3-20260907	b76280a2989afcfd7178e561eb28a04a80126220	archive/branch-tip/20260908/codex/hepta-v8-windows-bazel-diagnostics-r3-20260907
codex/hepta-v8-windows-complete-deny-20260906	7c7d6d66cb46a4ad59c1761c9c61122351c8900e	archive/branch-tip/20260908/codex/hepta-v8-windows-complete-deny-20260906
codex/hepta-v8-windows-native-cc-20260906	b19625495ead1445854489923db6ae227ffe1874	archive/branch-tip/20260908/codex/hepta-v8-windows-native-cc-20260906
codex/hepta-v8-windows-required-acl-errors-20260906	43a78dacec09510ce2e73d19b7b0c0a4d769b163	archive/branch-tip/20260908/codex/hepta-v8-windows-required-acl-errors-20260906
codex/hepta-v8-windows-workspace-capabilities-20260906	94f906ab0ba0802135f41aac6daf4691278f07df	archive/branch-tip/20260908/codex/hepta-v8-windows-workspace-capabilities-20260906
codex/hepta-v8-witnessed-recovery-20260906	7e860f5e71f200bc623ebaa53c3985b3ea2ae9d9	archive/branch-tip/20260908/codex/hepta-v8-witnessed-recovery-20260906
codex/hepta-v8-wrapper-response-files-20260906	5f713342973e42573eb0366c294f94880706f304	archive/branch-tip/20260908/codex/hepta-v8-wrapper-response-files-20260906
codex/hepta-v9-blocker-closure-20260908	b97b856b0a23625ea98eccd97e701134aa967e2f	archive/branch-tip/20260908/codex/hepta-v9-blocker-closure-20260908
codex/hepta-w0-lane-a-20260908	cd148fc975a3d6b978a333d9424cff1c75a0b05c	archive/branch-tip/20260908/codex/hepta-w0-lane-a-20260908
codex/hepta-w0-lane-b-20260908	bfc72a48422a876691f95411b9bcdabbaaca7b43	archive/branch-tip/20260908/codex/hepta-w0-lane-b-20260908
codex/hepta-w0-lane-c-20260908	8ebee5e3ef81b546eca65b2f6b5e6321e595599a	archive/branch-tip/20260908/codex/hepta-w0-lane-c-20260908
codex/hepta-w0-lane-d-20260908	b11486441ec23c41c53d03772df492086410b7cc	archive/branch-tip/20260908/codex/hepta-w0-lane-d-20260908
codex/hepta-w0-lane-e-20260908	fd09179cf5f34dc30b3c96b8910d2ab71e62e99c	archive/branch-tip/20260908/codex/hepta-w0-lane-e-20260908
codex/hepta-w0-lane-f-20260908	aa4696290f9a0efdd90587289651a24f287b0f1c	archive/branch-tip/20260908/codex/hepta-w0-lane-f-20260908
codex/hepta-w0-lane-g-20260908	3704012db9ca4e029f7c5bda1fc04a28f0c5524f	archive/branch-tip/20260908/codex/hepta-w0-lane-g-20260908
codex/hepta-w0-review-base-20260908	2bdb377497eb924f592a8d37b378f03c2f2f7078	archive/branch-tip/20260908/codex/hepta-w0-review-base-20260908
codex/hepta-w0-seven-lanes-candidate-20260908	776b4ebf6ce941e593b077e357e199cb6399e4e5	archive/branch-tip/20260908/codex/hepta-w0-seven-lanes-candidate-20260908
codex/hepta-w0-seven-lanes-handoff-20260908	5c34496f40a7a3953f1dc9682c8f96bd4916ad11	archive/branch-tip/20260908/codex/hepta-w0-seven-lanes-handoff-20260908
codex/set-default-main-20260907	0a06692ffa07c8607b28112e41271df4c7734639	archive/branch-tip/20260908/codex/set-default-main-20260907
codex/trillionnium-os-admission-hardening-20260907	6e46e764e1c9f2f6510475013c3128e684417636	archive/branch-tip/20260908/codex/trillionnium-os-admission-hardening-20260907
codex/trillionnium-os-external-admission-20260907	6e46e764e1c9f2f6510475013c3128e684417636	archive/branch-tip/20260908/codex/trillionnium-os-external-admission-20260907
codex/trillionnium-os-external-evidence-restore-20260908	185dcaff7d610dfd5a6e3ece96c75699e8cdcb49	archive/branch-tip/20260908/codex/trillionnium-os-external-evidence-restore-20260908
codex/trillionnium-os-external-evidence-restore-r2-20260908	cb076b3315917427f1d164c1e60e1c36a9d409d9	archive/branch-tip/20260908/codex/trillionnium-os-external-evidence-restore-r2-20260908
codex/trillionnium-os-external-evidence-restore-r3-20260908	acebd37fb049e9e2b37876e58e3c997b0b2e152f	archive/branch-tip/20260908/codex/trillionnium-os-external-evidence-restore-r3-20260908
codex/trillionnium-os-external-evidence-restore-r4-20260908	c9bf24c56ee6ee66dae86a8919957207e7566758	archive/branch-tip/20260908/codex/trillionnium-os-external-evidence-restore-r4-20260908
codex/trillionnium-os-fixed-target-executor-20260907	e0d231739fa2c43bd010d7a170c70aa89d5812a8	archive/branch-tip/20260908/codex/trillionnium-os-fixed-target-executor-20260907
codex/trillionnium-os-pr456-approved-tree-restore-20260908	a04ba23781879c67d4545a4480ce94468c07337c	archive/branch-tip/20260908/codex/trillionnium-os-pr456-approved-tree-restore-20260908
codex/uds-clippy-order-20260906	6b341e0ee70916da3105e0a39dc723607a89f279	archive/branch-tip/20260908/codex/uds-clippy-order-20260906
fix/blocking-ci-pr-concurrency-20260906	5b5326b9adc4b041446df59415996ea6a99aa599	archive/branch-tip/20260908/fix/blocking-ci-pr-concurrency-20260906
fix/hepta-registry-shape-closure-20260906	28028b69b21aa3a279ffab96319ad3801b4c402e	archive/branch-tip/20260908/fix/hepta-registry-shape-closure-20260906
integration/all-branches-final-seal-20260907	5050ec83860193e497fe47217fad1f55994a1739	archive/branch-tip/20260908/integration/all-branches-final-seal-20260907
integration/all-branches-staging-34080942614	be85aa72c9fb08957a8fc03aa7e5e626aee4f2a8	archive/branch-tip/20260908/integration/all-branches-staging-34080942614
integration/all-branches-staging-34081015792	62333461746322219258453e41c79a36e6e8367b	archive/branch-tip/20260908/integration/all-branches-staging-34081015792
integration/all-branches-staging-34098423957	664def105a1656bbf22ce4e955be6681ba6e6a93	archive/branch-tip/20260908/integration/all-branches-staging-34098423957
integration/all-branches-staging-34107591795	22d68fe746b795d6b0c87f5a0e3d81fcaf3940ad	archive/branch-tip/20260908/integration/all-branches-staging-34107591795
integration/final-main-tree-20260907	a04ba23781879c67d4545a4480ce94468c07337c	archive/branch-tip/20260908/integration/final-main-tree-20260907
integration/final-main-tree-followup-20260907-r1	b4f02458b63e9ef54c630c2e441a151b304025d7	archive/branch-tip/20260908/integration/final-main-tree-followup-20260907-r1
integration/hepta-all-blockers-base-20260907	5a0fe3ad3ef69748356c004a62a90e3e84f7a87c	archive/branch-tip/20260908/integration/hepta-all-blockers-base-20260907
integration/hepta-w0-internal-closure-20260908	a327d024e8f41f298d837d5004920040d530c85f	archive/branch-tip/20260908/integration/hepta-w0-internal-closure-20260908
integration/vnext-main-20260811	1fdd7eeb94abdc5e44ec5e23ecc947ff801e4682	archive/branch-tip/20260908/integration/vnext-main-20260811
main	b97b856b0a23625ea98eccd97e701134aa967e2f	archive/branch-tip/20260908/main
ops/ci-failure-diagnostic-20260907	75f22fae7484b96214c34e34fe04cb1d2f234fad	archive/branch-tip/20260908/ops/ci-failure-diagnostic-20260907
ops/exact-source-export-20260907	86a232baefa3580a6c4fd618a5bf938bc6f561a0	archive/branch-tip/20260908/ops/exact-source-export-20260907
ops/final-all-branches-convergence-20260908	bd37367824767f455214b4169c4e784b539fda5e	archive/branch-tip/20260908/ops/final-all-branches-convergence-20260908
ops/final-all-branches-convergence-r6-20260908	6083e68d5319ff976f44089dc92a06b4a56d4857	archive/branch-tip/20260908/ops/final-all-branches-convergence-r6-20260908
ops/final-all-branches-convergence-r7-diagnostic-20260908	9b9c31773a65531d7fb02a49d214959d5f67ca11	archive/branch-tip/20260908/ops/final-all-branches-convergence-r7-diagnostic-20260908
ops/final-main-convergence-20260908	c5f813cfc226bd1bad1c6614ef335047054de322	archive/branch-tip/20260908/ops/final-main-convergence-20260908
ops/final-main-convergence-v3-20260908	b88aac57e747c79965d764c33b6f4fb3f541293c	archive/branch-tip/20260908/ops/final-main-convergence-v3-20260908
ops/final-main-convergence-v8-20260908	c49468dd831b4e2e093465f9e8a19dccfb7644c6	archive/branch-tip/20260908/ops/final-main-convergence-v8-20260908
ops/final-main-repair-v7-20260908	6e177cf0ac32c0e46841101285d7a502ffdb9f15	archive/branch-tip/20260908/ops/final-main-repair-v7-20260908
ops/hepta-base-format-shear-diagnostic-20260906	49cc8c193c4923a7687316944dcd61a47fe0b149	archive/branch-tip/20260908/ops/hepta-base-format-shear-diagnostic-20260906
ops/hepta-base-format-shear-fix-20260906	b35b55f7767a3610481551c6260929904798b33c	archive/branch-tip/20260908/ops/hepta-base-format-shear-fix-20260906
ops/hepta-default-main-switch-20260907	7621e3ec79b6092c9148c1e6c4177cb3f227e6c6	archive/branch-tip/20260908/ops/hepta-default-main-switch-20260907
ops/hepta-exact-source-export-4f08144e-20260906	1165b9b6f21964edb2ea1208da49895ca5916462	archive/branch-tip/20260908/ops/hepta-exact-source-export-4f08144e-20260906
ops/hepta-final-gap-closure-r2-controller-20260908	39ecb4562a031874bbf36c60d688e71188090c7c	archive/branch-tip/20260908/ops/hepta-final-gap-closure-r2-controller-20260908
ops/hepta-gap-closure-materializer-20260907-r3	b340e23be1ceab6269e5515edd73802457b835d7	archive/branch-tip/20260908/ops/hepta-gap-closure-materializer-20260907-r3
ops/hepta-module-shape-discovery-20260906	5f3e7a1b91213bd2f6f3d5a93f1306989a704014	archive/branch-tip/20260908/ops/hepta-module-shape-discovery-20260906
ops/hepta-safe-workflow-blob-20260907	af2c7cf1cced3c9973966b7fbff6e574062d3270	archive/branch-tip/20260908/ops/hepta-safe-workflow-blob-20260907
ops/hepta-stale-actions-cleanup-20260906	2827ba522cd69131f6023894e65777262f48cdfc	archive/branch-tip/20260908/ops/hepta-stale-actions-cleanup-20260906
ops/heptabao-http-fallback-diagnostic-20260908	ede76a26815a140b5c92abb0f73ce66ce91d8e4f	archive/branch-tip/20260908/ops/heptabao-http-fallback-diagnostic-20260908
ops/main-tree-convergence-20260908	b97b856b0a23625ea98eccd97e701134aa967e2f	archive/branch-tip/20260908/ops/main-tree-convergence-20260908
ops/merge-all-branches-20260907	079be92ac26671ab992b3ec42fc5a16ea4e524dc	archive/branch-tip/20260908/ops/merge-all-branches-20260907
ops/pr328-stale-queue-cleanup-v1-20260906	b35b55f7767a3610481551c6260929904798b33c	archive/branch-tip/20260908/ops/pr328-stale-queue-cleanup-v1-20260906
ops/pr451-finalizer-20260907	e31df34dd30d046c78057eaa7af775b3210aa9b1	archive/branch-tip/20260908/ops/pr451-finalizer-20260907
ops/pr456-followup-publisher-20260907-r1	5ce83ea4c60cc1ed2c066510002eb8813506961a	archive/branch-tip/20260908/ops/pr456-followup-publisher-20260907-r1
ops/pr456-gapfix-result-20260907-r2	e9d4bf4fbd2943ad962e7128be7dfb118a9e9c07	archive/branch-tip/20260908/ops/pr456-gapfix-result-20260907-r2
ops/pr456-review-fix-r3-20260907	2f820b69b6b7517843963e3cc8763cab320aace2	archive/branch-tip/20260908/ops/pr456-review-fix-r3-20260907
ops/pr456-review-fix-r4-20260907	ee1a41ca4617ed9764ade6200c4e40757a9a7d51	archive/branch-tip/20260908/ops/pr456-review-fix-r4-20260907
ops/pr459-merge-controller-20260908	835bc95cddb40a41384447afa72cfaedf374a4c6	archive/branch-tip/20260908/ops/pr459-merge-controller-20260908
ops/pr463-expiry-materializer-20260908	77996027f06f85d0447e7c46318be65954719e0c	archive/branch-tip/20260908/ops/pr463-expiry-materializer-20260908
ops/schema-probe-20260908	b97b856b0a23625ea98eccd97e701134aa967e2f	archive/branch-tip/20260908/ops/schema-probe-20260908
ops/trillionnium-os-runner-probe-20260906	52c246a935578dffed009c35efeb7a05727ef4e6	archive/branch-tip/20260908/ops/trillionnium-os-runner-probe-20260906
ops/trillionnium-os-status-snapshot-20260908	20d6f25dc906f582a579c95da4cedc2a1085a054	archive/branch-tip/20260908/ops/trillionnium-os-status-snapshot-20260908
ops/trillionnium-os-subject-rebind-controller-20260908	80e96ae7211788440958060be58d3d65d272bfec	archive/branch-tip/20260908/ops/trillionnium-os-subject-rebind-controller-20260908
ops/world-object-probe-20260906	390c42aac6fc0757a819690f9edcd6beef3c7ea0	archive/branch-tip/20260908/ops/world-object-probe-20260906
reviewer/ci-governance-simplification-20260908	5f9629f1b7ec6e3cd050d59dc9b2c4b83374b63e	archive/branch-tip/20260908/reviewer/ci-governance-simplification-20260908
