backup/main-before-all-branches-34080579194-6c9dd12a8593	already-contained
backup/main-before-all-branches-34080942614-6c9dd12a8593	already-contained
backup/main-before-all-branches-34081015792-6c9dd12a8593	already-contained
backup/main-before-all-branches-34098423957-e31df34dd30d	already-contained
backup/main-before-all-branches-34107591795-e31df34dd30d	already-contained
backup/main-before-all-branches-6c9dd12a-20260907	already-contained
backup/pr451-before-squash-065958b2-20260907	already-contained
backup/pr451-push-before-11cb0363-20260907	already-contained
codex/final-gap-closure-20260907	history-only
codex/hepta-bao-connect-20260908	already-contained
codex/hepta-blocker-autofix-20260907	already-contained
codex/hepta-blocker-round2-20260907	already-contained
codex/hepta-final-gap-closure-r2-20260908	already-contained
codex/hepta-final-gap-closure-r3-20260908	already-contained
codex/hepta-final-materializer-v2-20260907	already-contained
codex/hepta-gap-closure-full-ci-20260907	already-contained
codex/hepta-gap-closure-materialized-r3-20260907	already-contained
codex/hepta-live-organ-composition-20260907	history-only
codex/hepta-main-tree-final-20260908	already-contained
codex/hepta-organ-host-20260907	already-contained
codex/hepta-pinned-candidate-read-20260907	history-only
codex/hepta-private-ci-format-baseline-20260907	already-contained
codex/hepta-scoped-discovery-cli-20260907	history-only
codex/hepta-v8-acl-denial-fixture-preconditions-20260906	already-contained
codex/hepta-v8-agentd-process-bazel-qualification-20260906	already-contained
codex/hepta-v8-agentd-startup-diagnostics-20260906	already-contained
codex/hepta-v8-algorithm-authority-regression-20260906	already-contained
codex/hepta-v8-argument-comment-closure-20260907	already-contained
codex/hepta-v8-argument-comment-closure-r2-20260907	already-contained
codex/hepta-v8-browser-canonical-shadow-20260906	already-contained
codex/hepta-v8-cart-failure-atomicity-20260906	already-contained
codex/hepta-v8-cognitive-read-integrity-20260906	already-contained
codex/hepta-v8-cognitive-read-owner-projection-20260906	already-contained
codex/hepta-v8-cognitive-read-owner-projection-tests-20260906	already-contained
codex/hepta-v8-cognitive-store-atomicity-20260906	already-contained
codex/hepta-v8-cognitive-types-citation-binding-20260906	already-contained
codex/hepta-v8-context-candidate-binding-20260906	already-contained
codex/hepta-v8-context-mandatory-groups-20260906	already-contained
codex/hepta-v8-contracts-bazel-qualification-20260906	already-contained
codex/hepta-v8-control-cart-analysis-20260906	already-contained
codex/hepta-v8-control-graph-validation-20260906	already-contained
codex/hepta-v8-core-argument-comments-20260906	already-contained
codex/hepta-v8-cross-platform-lint-repair-20260906	already-contained
codex/hepta-v8-diagnostic-assertions-20260906	already-contained
codex/hepta-v8-eval-exact-ess-admission-20260906	already-contained
codex/hepta-v8-eval-threshold-regression-20260906	already-contained
codex/hepta-v8-fleet-allocation-calculator-20260906	already-contained
codex/hepta-v8-fleet-allocation-model-20260906	already-contained
codex/hepta-v8-fleet-allocation-tests-20260906	already-contained
codex/hepta-v8-format-prerequisite-20260906	already-contained
codex/hepta-v8-format-probe-20260906	already-contained
codex/hepta-v8-gap-implementation-20260906	already-contained
codex/hepta-v8-hepta-argument-comments-20260906	already-contained
codex/hepta-v8-heptabao-ci-doc-precision-20260906	already-contained
codex/hepta-v8-heptabao-secret-boundary-20260906	already-contained
codex/hepta-v8-implementation-contracts-20260906	already-contained
codex/hepta-v8-intelligence-candidate-bound-20260906	already-contained
codex/hepta-v8-intuition-candidate-bound-20260906	already-contained
codex/hepta-v8-learning-create-only-20260906	already-contained
codex/hepta-v8-learning-create-only-docs-20260906	already-contained
codex/hepta-v8-llvm-msvc-header-parser-20260906	already-contained
codex/hepta-v8-llvm-source-anchored-patch-20260906	already-contained
codex/hepta-v8-matrix-atomic-decisions-20260906	already-contained
codex/hepta-v8-matrix-deletion-capacity-tests-20260906	already-contained
codex/hepta-v8-matrix-durable-queue-fences-20260906	already-contained
codex/hepta-v8-matrix-gap-adversarial-tests-20260906	already-contained
codex/hepta-v8-matrix-gap-page-qualification-20260906	already-contained
codex/hepta-v8-matrix-hostile-fixtures-20260906	already-contained
codex/hepta-v8-matrix-idle-journal-binding-20260906	already-contained
codex/hepta-v8-matrix-mention-admission-20260906	already-contained
codex/hepta-v8-matrix-recovery-scrub-20260906	already-contained
codex/hepta-v8-matrix-restart-collision-tests-20260906	already-contained
codex/hepta-v8-matrix-sync-decision-tests-20260906	already-contained
codex/hepta-v8-matrix-sync-identity-20260906	already-contained
codex/hepta-v8-matrix-sync-types-20260906	already-contained
codex/hepta-v8-matrix-tombstone-fences-20260906	already-contained
codex/hepta-v8-matrix-tombstone-schema-20260906	already-contained
codex/hepta-v8-matrix-unchanged-owner-observation-20260906	already-contained
codex/hepta-v8-matrix-v2-adversarial-tests-20260906	already-contained
codex/hepta-v8-matrix-v2-composer-20260906	already-contained
codex/hepta-v8-matrix-v2-startup-binding-20260906	already-contained
codex/hepta-v8-memory-argument-comments-20260906	already-contained
codex/hepta-v8-memory-lint-prerequisite-20260906	already-contained
codex/hepta-v8-memory-recovery-fail-closed-20260906	already-contained
codex/hepta-v8-mock-capture-error-observation-20260906	already-contained
codex/hepta-v8-native-binding-lint-review-20260906	already-contained
codex/hepta-v8-native-fixture-portability-20260906	already-contained
codex/hepta-v8-native-followup-readiness-20260906	already-contained
codex/hepta-v8-native-observation-review-20260906	already-contained
codex/hepta-v8-native-source-bindings-20260906	already-contained
codex/hepta-v8-native-terminal-failclosed-20260906	already-contained
codex/hepta-v8-native-test-prerequisites-20260906	already-contained
codex/hepta-v8-native-watcher-peer-fixtures-20260906	already-contained
codex/hepta-v8-ndu-covariance-20260906	already-contained
codex/hepta-v8-ndu-covariance-tests-20260906	already-contained
codex/hepta-v8-ndu-protocol-path-20260906	already-contained
codex/hepta-v8-noncanonical-json-fixtures-20260906	already-contained
codex/hepta-v8-objective-effective-forbidden-20260906	already-contained
codex/hepta-v8-objective-feasibility-20260906	already-contained
codex/hepta-v8-objective-feasibility-tests-20260906	already-contained
codex/hepta-v8-objective-json-shape-20260906	already-contained
codex/hepta-v8-objective-source-structure-20260906	already-contained
codex/hepta-v8-ope-exact-ceiling-20260906	already-contained
codex/hepta-v8-operations-revision-20260906	already-contained
codex/hepta-v8-operator-windows-file-identity-20260906	already-contained
codex/hepta-v8-owner-retrieval-observation-20260906	already-contained
codex/hepta-v8-p0-path-ownership-20260906	already-contained
codex/hepta-v8-path-lease-reconciliation-20260906	already-contained
codex/hepta-v8-plasticity-v2-api-20260906	already-contained
codex/hepta-v8-plasticity-v2-core-20260906	already-contained
codex/hepta-v8-plasticity-v2-docs-20260906	already-contained
codex/hepta-v8-plasticity-v2-hostile-tests-20260906	already-contained
codex/hepta-v8-plasticity-v2-registry-20260906	already-contained
codex/hepta-v8-plasticity-v2-types-20260906	already-contained
codex/hepta-v8-product-integration-progress-20260906	already-contained
codex/hepta-v8-prompt-local-shadow-20260906	already-contained
codex/hepta-v8-prompt-local-shadow-impl-20260906	already-contained
codex/hepta-v8-prompt-local-shadow-tests-20260906	already-contained
codex/hepta-v8-prompt-registry-preflight-20260906	already-contained
codex/hepta-v8-protocol-hardening-20260906	already-contained
codex/hepta-v8-protocol-recovery-bindings-20260906	already-contained
codex/hepta-v8-qualification-profiles-20260906	already-contained
codex/hepta-v8-readiness-depth-closure-20260905	already-contained
codex/hepta-v8-recovery-fail-closed-20260906	already-contained
codex/hepta-v8-retrieval-input-binding-20260906	already-contained
codex/hepta-v8-scalar-compile-determinism-20260906	already-contained
codex/hepta-v8-sequential-eval-20260906	already-contained
codex/hepta-v8-sequential-eval-tests-20260906	already-contained
codex/hepta-v8-shadow-exec-qualification-20260906	already-contained
codex/hepta-v8-source-canonical-format-20260906	already-contained
codex/hepta-v8-source-closure-progress-20260906	already-contained
codex/hepta-v8-source-identity-20260906	already-contained
codex/hepta-v8-source-identity-workflow-20260906	already-contained
codex/hepta-v8-sqlite-race-tests-20260906	already-contained
codex/hepta-v8-state-recovery-helper-errors-20260906	already-contained
codex/hepta-v8-supervisor-native-boundaries-20260906	already-contained
codex/hepta-v8-taskflow-bazel-qualification-20260906	already-contained
codex/hepta-v8-taskflow-boundary-api-20260906	already-contained
codex/hepta-v8-taskflow-boundary-tests-20260906	already-contained
codex/hepta-v8-taskflow-migration-fixture-20260906	already-contained
codex/hepta-v8-technical-closure-20260905	already-contained
codex/hepta-v8-temporal-plan-digest-20260906	already-contained
codex/hepta-v8-temporal-plan-docs-20260906	already-contained
codex/hepta-v8-terminal-followup-readiness-20260906	already-contained
codex/hepta-v8-ui-canonical-shadow-20260906	already-contained
codex/hepta-v8-unused-dependency-cleanup-20260906	already-contained
codex/hepta-v8-value-learning-bazel-deps-20260906	already-contained
codex/hepta-v8-verified-gap-progress-20260906	already-contained
codex/hepta-v8-windows-bazel-diagnostics-r3-20260907	already-contained
codex/hepta-v8-windows-complete-deny-20260906	already-contained
codex/hepta-v8-windows-native-cc-20260906	already-contained
codex/hepta-v8-windows-required-acl-errors-20260906	already-contained
codex/hepta-v8-windows-workspace-capabilities-20260906	already-contained
codex/hepta-v8-witnessed-recovery-20260906	already-contained
codex/hepta-v8-wrapper-response-files-20260906	already-contained
codex/hepta-v9-blocker-closure-20260908	already-contained
codex/hepta-w0-lane-a-20260908	already-contained
codex/hepta-w0-lane-b-20260908	already-contained
codex/hepta-w0-lane-c-20260908	already-contained
codex/hepta-w0-lane-d-20260908	already-contained
codex/hepta-w0-lane-e-20260908	already-contained
codex/hepta-w0-lane-f-20260908	already-contained
codex/hepta-w0-lane-g-20260908	already-contained
codex/hepta-w0-review-base-20260908	already-contained
codex/hepta-w0-seven-lanes-candidate-20260908	already-contained
codex/hepta-w0-seven-lanes-handoff-20260908	already-contained
codex/set-default-main-20260907	history-only
codex/trillionnium-os-admission-hardening-20260907	already-contained
codex/trillionnium-os-external-admission-20260907	already-contained
codex/trillionnium-os-external-evidence-restore-20260908	history-only
codex/trillionnium-os-external-evidence-restore-r2-20260908	history-only
codex/trillionnium-os-external-evidence-restore-r3-20260908	history-only
codex/trillionnium-os-external-evidence-restore-r4-20260908	history-only
codex/trillionnium-os-fixed-target-executor-20260907	already-contained
codex/trillionnium-os-pr456-approved-tree-restore-20260908	history-only
codex/uds-clippy-order-20260906	already-contained
fix/blocking-ci-pr-concurrency-20260906	already-contained
fix/hepta-registry-shape-closure-20260906	already-contained
integration/all-branches-final-seal-20260907	already-contained
integration/all-branches-staging-34080942614	already-contained
integration/all-branches-staging-34081015792	already-contained
integration/all-branches-staging-34098423957	already-contained
integration/all-branches-staging-34107591795	already-contained
integration/final-main-tree-20260907	already-contained
integration/final-main-tree-followup-20260907-r1	history-only
integration/hepta-all-blockers-base-20260907	already-contained
integration/hepta-w0-internal-closure-20260908	already-contained
integration/vnext-main-20260811	history-only
main	already-contained
ops/ci-failure-diagnostic-20260907	history-only
ops/exact-source-export-20260907	history-only
ops/final-all-branches-convergence-20260908	history-only
ops/final-all-branches-convergence-r6-20260908	history-only
ops/final-all-branches-convergence-r7-diagnostic-20260908	history-only
ops/final-main-convergence-20260908	history-only
ops/final-main-convergence-v3-20260908	history-only
ops/final-main-convergence-v8-20260908	history-only
ops/final-main-repair-v7-20260908	history-only
ops/hepta-base-format-shear-diagnostic-20260906	already-contained
ops/hepta-base-format-shear-fix-20260906	already-contained
ops/hepta-default-main-switch-20260907	already-contained
ops/hepta-exact-source-export-4f08144e-20260906	already-contained
ops/hepta-final-gap-closure-r2-controller-20260908	history-only
ops/hepta-gap-closure-materializer-20260907-r3	already-contained
ops/hepta-module-shape-discovery-20260906	already-contained
ops/hepta-safe-workflow-blob-20260907	already-contained
ops/hepta-stale-actions-cleanup-20260906	already-contained
ops/heptabao-http-fallback-diagnostic-20260908	history-only
ops/main-tree-convergence-20260908	already-contained
ops/merge-all-branches-20260907	already-contained
ops/pr328-stale-queue-cleanup-v1-20260906	already-contained
ops/pr451-finalizer-20260907	already-contained
ops/pr456-followup-publisher-20260907-r1	history-only
ops/pr456-gapfix-result-20260907-r2	history-only
ops/pr456-review-fix-r3-20260907	history-only
ops/pr456-review-fix-r4-20260907	history-only
ops/pr459-merge-controller-20260908	history-only
ops/pr463-expiry-materializer-20260908	history-only
ops/schema-probe-20260908	already-contained
ops/trillionnium-os-runner-probe-20260906	already-contained
ops/trillionnium-os-status-snapshot-20260908	history-only
ops/trillionnium-os-subject-rebind-controller-20260908	history-only
ops/world-object-probe-20260906	already-contained
reviewer/ci-governance-simplification-20260908	already-contained
